"公司代號","公司名稱","召開法人說明會日期","召開法人說明會時間","召開法人說明會地點","法人說明會擇要訊息","法人說明會簡報內容-中文","法人說明會簡報內容-英文","公司網站是否有提供法人說明會相關資訊","影音連結資訊","其他應敘明事項"
"2330","台積電","115/04/25","00:00","美國亞利桑那州","本公司將舉辦『TSMC 2026 Investor Day』，會中就本公司4/16法說會已公開之財務數字、經營績效等相關資訊進行說明。","233020260416M001.pdf","233020260416E001.pdf","https://investor.tsmc.com/chinese/quarterly-results/",,"無。"
"2330","台積電","115/04/16","14:00","線上法說會","(1)公布本公司2026年第1季財務報告及2026年第2季業績展望。(2)參加方式：請參見https://investor.tsmc.com/chinese/quarterly-results/2026/q1","233020260416M001.pdf","233020260416E001.pdf","https://investor.tsmc.com/chinese/quarterly-results/2026/q1",同步收看網址：:https://investor.tsmc.com/chinese/quarterly-results/2026/q1 法說會影音連結資訊:https://investor.tsmc.com/chinese/quarterly-results/2026/q1 ,"無。"
"2330","台積電","115/03/12","09:00","台北君悅酒店","本公司受邀參加摩根大通證券所舉辦之『Taiwan CEO-CFO Conference』，會中就本公司1/15法說會已公開之財務數字、經營績效等相關資訊進行說明。","233020260115M001.pdf","233020260115E001.pdf","https://investor.tsmc.com/chinese/quarterly-results/",,"無。"
"2330","台積電","115/03/03 至 115/03/06","00:30","Palace Hotel, San Francisco","本公司受邀參加摩根士丹利證券所舉辦之『Morgan Stanley Technology, Media &amp; Telecom Conference』，會中就本公司1/15法說會已公開之財務數字、經營績效等相關資訊進行說明。","233020260115M001.pdf","233020260115E001.pdf","https://investor.tsmc.com/chinese/quarterly-results/",,"無。"
"2330","台積電","115/01/15","14:00","台北文華東方酒店B2 文華廳 (台北市松山區敦化北路158號)","(1)公布本公司2025年第4季財務報告及2026年第1季業績展望。(2)參加方式：請參見https://investor.tsmc.com/chinese/quarterly-results/2025/q4","233020260115M001.pdf","233020260115E001.pdf","https://investor.tsmc.com/chinese/quarterly-results/2025/q4",同步收看網址：:https://investor.tsmc.com/chinese/quarterly-results/2025/q4 法說會影音連結資訊:https://investor.tsmc.com/chinese/quarterly-results/2025/q4 ,"無。"
"2330","台積電","114/12/01 至 114/12/05","23:55","The Phoenician Hotel","本公司受邀參加瑞銀證券所舉辦之『UBS Global Technology and AI Conference』，會中就本公司10/16法說會已公開之財務數字、經營績效等相關資訊進行說明。","233020251016M001.pdf","233020251016E001.pdf","https://investor.tsmc.com/chinese/quarterly-results/",,"無。"
"2330","台積電","114/11/25","08:00","台北文華東方酒店","本公司受邀參加花旗環球證券所舉辦之『Citi&#039;s 2025 Taiwan Corporate Day』，會中就本公司10/16法說會已公開之財務數字、經營績效等相關資訊進行說明。","233020251016M001.pdf","233020251016E001.pdf","https://investor.tsmc.com/chinese/quarterly-results/",,"無。"
"2330","台積電","114/11/20 至 114/11/21","08:30","MANDARIN ORIENTAL SINGAPORE","本公司受邀參加摩根士丹利證券所舉辦之『Twenty-Fourth Annual Asia Pacific Summit』，會中就本公司10/16法說會已公開之財務數字、經營績效等相關資訊進行說明。","233020251016M001.pdf","233020251016E001.pdf","https://investor.tsmc.com/chinese/quarterly-results/",,"無。"
"2330","台積電","114/10/16","14:00","線上法說會","(1)公布本公司2025年第3季財務報告及2025年第4季業績展望。(2)參加方式：請參見https://investor.tsmc.com/chinese/quarterly-results/2025/q3","233020251016M001.pdf","233020251016E001.pdf","https://investor.tsmc.com/chinese/quarterly-results/2025/q3",同步收看網址：:https://investor.tsmc.com/chinese/quarterly-results/2025/q3 法說會影音連結資訊:https://investor.tsmc.com/chinese/quarterly-results/2025/q3 ,"無。"
"2330","台積電","114/09/16","08:00","W Hotel Taipei","本公司受邀參加瑞銀證券所舉辦之『UBS Taiwan Summit 2025』，會中就本公司7/17法說會已公開之財務數字、經營績效等相關資訊進行說明。","233020250721M001.pdf","233020250721E001.pdf","https://investor.tsmc.com/chinese/quarterly-results/",,"無。"
"2330","台積電","114/09/08 至 114/09/12","23:10","Palace Hotel - San Francisco","本公司受邀參加美商高盛證券所舉辦之『Goldman Sachs Communacopia + Technology Conference 2025』，會中就本公司7/17法說會已公開之財務數字、經營績效等相關資訊進行說明。","233020250721M001.pdf","233020250721E001.pdf","https://investor.tsmc.com/chinese/quarterly-results/",,"無。"
"2330","台積電","114/07/17","14:00","台北文華東方酒店B2 文華廳（台北市松山區敦化北路158號）","(1)公布本公司2025年第2季財務報告及2025年第3季業績展望。(2)參加方式：請參見https://investor.tsmc.com/chinese/quarterly-results/2025/q2","233020250721M001.pdf","233020250721E001.pdf","https://investor.tsmc.com/chinese/quarterly-results/2025/q2",同步收看網址：:https://investor.tsmc.com/chinese/quarterly-results/2025/q2 法說會影音連結資訊:https://investor.tsmc.com/chinese/quarterly-results/2025/q2 ,"無。"
"2330","台積電","114/05/27 至 114/05/29","09:00","FOUR SEASONS HOTEL HONG KONG","本公司受邀參加瑞銀證券所舉辦之『Asian Investment Conference 2025』，會中就本公司4/17法說會已公開之財務數字、經營績效等相關資訊進行說明。","233020250417M001.pdf","233020250417E001.pdf","https://investor.tsmc.com/chinese/quarterly-results/",法說會影音連結資訊:https://investor.tsmc.com/sites/ir/2025-05/TSMC%202025.mp3 ,"無。"
"2330","台積電","114/05/21","09:00","W Hotel Taipei","本公司受邀參加花旗環球證券所舉辦之『Citi&#039;s 2025 Taiwan Tech Conference』，會中就本公司4/17法說會已公開之財務數字、經營績效等相關資訊進行說明。","233020250417M001.pdf","233020250417E001.pdf","https://investor.tsmc.com/chinese/quarterly-results/",,"無。"
"2330","台積電","114/05/13 至 114/05/15","21:30","The Westin Boston Seaport District","本公司受邀參加摩根大通證券所舉辦之『J.P. Morgan 53rd Annual Global Technology, Media and Communications Conference』，會中就本公司4/17法說會已公開之財務數字、經營績效等相關資訊進行說明。","233020250417M001.pdf","233020250417E001.pdf","https://investor.tsmc.com/chinese/quarterly-results/",,"無。"
"2330","台積電","114/04/25","01:00","美國加州","本公司將舉辦『TSMC 2025 Investor Day』，會中就本公司4/17法說會已公開之財務數字、經營績效等相關資訊進行說明。","233020250417M001.pdf","233020250417E001.pdf","https://investor.tsmc.com/chinese/quarterly-results/",,"無。"
"2330","台積電","114/04/17","14:00","線上法說會","(1)公布本公司2025年第1季財務報告及2025年第2季業績展望。(2)參加方式：請參見https://investor.tsmc.com/chinese/quarterly-results/2025/q1","233020250417M001.pdf","233020250417E001.pdf","https://investor.tsmc.com/chinese/quarterly-results/2025/q1",同步收看網址：:https://investor.tsmc.com/chinese/quarterly-results/2025/q1 法說會影音連結資訊:https://investor.tsmc.com/chinese/quarterly-results/2025/q1 ,"無。"
"2330","台積電","114/03/18","09:00","台北君悅酒店","本公司受邀參加美銀證券所舉辦之『2025 Asia Tech Conference』，會中就本公司1/16法說會已公開之財務數字、經營績效等相關資訊進行說明。","233020250116M001.pdf","233020250116E001.pdf","https://investor.tsmc.com/chinese/quarterly-results/",,"無。"
"2330","台積電","114/03/04 至 114/03/07","00:30","Palace Hotel, San Francisco","本公司受邀參加摩根士丹利證券所舉辦之『Morgan Stanley Technology, Media &amp; Telecom Conference』，會中就本公司1/16法說會已公開之財務數字、經營績效等相關資訊進行說明。","233020250116M001.pdf","233020250116E001.pdf","https://investor.tsmc.com/chinese/quarterly-results/",,"無。"
"2330","台積電","114/02/17 至 114/02/18","13:00","台北君悅酒店","本公司受邀參加摩根大通證券所舉辦之『J.P. Morgan Taiwan CEO-CFO Conference』，會中就本公司1/16法說會已公開之財務數字、經營績效等相關資訊進行說明。","233020250116M001.pdf","233020250116E001.pdf","https://investor.tsmc.com/chinese/quarterly-results/",,"無。"
"2330","台積電","114/01/16","14:00","台北文華東方酒店B2文華廳(台北市松山區敦化北路158號)","(1)公布本公司2024年第4季財務報告及2025年第1季業績展望。(2)參加方式：請參見https://investor.tsmc.com/chinese/quarterly-results/2024/q4","233020250116M001.pdf","233020250116E001.pdf","https://investor.tsmc.com/chinese/quarterly-results/2024/q4",同步收看網址：:https://investor.tsmc.com/chinese/quarterly-results/2024/q4 法說會影音連結資訊:https://investor.tsmc.com/chinese/quarterly-results/2024/q4 ,"無。"
"2330","台積電","113/12/03 至 113/12/06","02:35","The Phoenician","本公司受邀參加瑞銀證券所舉辦之『2024 UBS Global Technology Conference』，會中就本公司10/17法說會已公開之財務數字、經營績效等相關資訊進行說明。","233020241017M001.pdf","233020241017E001.pdf","https://investor.tsmc.com/chinese/quarterly-results/",,"無。"
"2330","台積電","113/11/20 至 113/11/21","08:30","Mandarin Oriental, Singapore","本公司受邀參加摩根士丹利證券所舉辦之『Twenty-Third Annual Asia Pacific Summit』，會中就本公司10/17法說會已公開之財務數字、經營績效等相關資訊進行說明。","233020241017M001.pdf","233020241017E001.pdf","https://investor.tsmc.com/chinese/quarterly-results/",,"無。"
"2330","台積電","113/10/17","14:00","線上法說會","(1)公布本公司2024年第3季財務報告及2024年第4季業績展望。(2)參加方式：請參見https://investor.tsmc.com/chinese/quarterly-results/2024/q3","233020241017M001.pdf","233020241017E001.pdf","https://investor.tsmc.com/chinese/quarterly-results/2024/q3",同步收看網址：:https://investor.tsmc.com/chinese/quarterly-results/2024/q3 法說會影音連結資訊:https://investor.tsmc.com/chinese/quarterly-results/2024/q3 ,"無。"
"2330","台積電","113/09/23","09:00","台北W hotel","本公司受邀參加瑞銀證券所舉辦之『UBS Taiwan Summit 2024』，會中就本公司7/18法說會已公開之財務數字、經營績效等相關資訊進行說明。","233020240718M001.pdf","233020240718E001.pdf","https://investor.tsmc.com/chinese/quarterly-results/",,"無。"
"2330","台積電","113/09/09 至 113/09/13","23:10","Palace Hotel, San Francisco","本公司受邀參加美商高盛證券所舉辦之『Goldman Sachs Communacopia + Technology Conference』，會中就本公司7/18法說會已公開之財務數字、經營績效等相關資訊進行說明。","233020240718M001.pdf","233020240718E001.pdf","https://investor.tsmc.com/chinese/quarterly-results/",,"無。"
"2330","台積電","113/07/18","14:00","台北遠東香格里拉3F 遠東宴會廳 (臺北市大安區敦化南路二段201號)","(1)公布本公司2024年第2季財務報告及2024年第3季業績展望。
(2)參加方式：請參見https://investor.tsmc.com/chinese/quarterly-results/2024/q2","233020240718M001.pdf","233020240718E001.pdf","https://investor.tsmc.com/chinese/quarterly-results/2024/q2",同步收看網址：:https://investor.tsmc.com/chinese/quarterly-results/2024/q2 法說會影音連結資訊:https://investor.tsmc.com/chinese/quarterly-results/2024/q2 ,"無。"
"2330","台積電","113/05/27 至 113/05/29","09:00","香港四季酒店","本公司受邀參加瑞銀證券所舉辦之『UBS Asian Investment Conference 2024』，會中就本公司4/18法說會已公開之財務數字、經營績效等相關資訊進行說明。","233020240418M001.pdf","233020240418E001.pdf","https://investor.tsmc.com/chinese/quarterly-results/2024/q1",法說會影音連結資訊:https://investor.tsmc.com/sites/ir/2024-05/TSMC_Group_Meeting_Audio_File_20240527.mp3 ,"無。"
"2330","台積電","113/04/18","14:00","線上法說會","(1)公布本公司2024年第1季財務報告及2024年第2季業績展望。(2)參加方式：請參見https://investor.tsmc.com/chinese/quarterly-results/2024/q1","233020240418M001.pdf","233020240418E001.pdf","https://investor.tsmc.com/chinese/quarterly-results/2024/q1",同步收看網址：:https://investor.tsmc.com/chinese/quarterly-results/2024/q1 法說會影音連結資訊:https://investor.tsmc.com/chinese/quarterly-results/2024/q1 ,"無。"
"2330","台積電","113/03/19","09:00","台北君悅酒店","本公司受邀參加美銀證券所舉辦之『2024 APAC TMT Conference』，會中就本公司1/18法說會已公開之財務數字、經營績效等相關資訊進行說明。","233020240118M001.pdf","233020240118E001.pdf","https://investor.tsmc.com/chinese/quarterly-results/2023/q4",,"無。"
"2330","台積電","113/03/05 至 113/03/07","00:00","Palace Hotel, San Francisco","本公司受邀參加摩根士丹利證券所舉辦之『Technology, Media &amp; Telecom Conference』，會中就本公司1/18法說會已公開之財務數字、經營績效等相關資訊進行說明。","233020240118M001.pdf","233020240118E001.pdf","https://investor.tsmc.com/chinese/quarterly-results/2023/q4",,"無。"
"2330","台積電","113/02/19","09:00","台北君悅酒店","本公司受邀參加摩根大通證券所舉辦之『J.P. Morgan Taiwan CEO-CFO Conference』，會中就本公司1/18法說會已公開之財務數字、經營績效等相關資訊進行說明。","233020240118M001.pdf","233020240118E001.pdf","https://investor.tsmc.com/chinese/quarterly-results/",,"無。"
"2330","台積電","113/01/18","14:00","台北君悅酒店三樓 凱悅廳一區 (台北市信義區松壽路2號)","(1) 公布本公司2023年第4季財務報告及2024年第1季業績展望。(2) 參加方式：請參見https://investor.tsmc.com/chinese/quarterly-results/2023/q4","233020240118M001.pdf","233020240118E001.pdf","https://investor.tsmc.com/chinese/quarterly-results/2023/q4",同步收看網址：:https://investor.tsmc.com/chinese/quarterly-results/2023/q4 法說會影音連結資訊:https://investor.tsmc.com/chinese/quarterly-results/2023/q4 ,"無。"
"2330","台積電","112/11/28 至 112/12/01","04:35","The Phoenician","本公司受邀參加瑞銀證券所舉辦之『UBS Global Technology Conference』，會中就本公司10/19法說會已公開之財務數字、經營績效等相關資訊進行說明。","233020231019M002.pdf","233020231019E002.pdf","https://investor.tsmc.com/chinese/quarterly-results/",,"無。"
"2330","台積電","112/11/15 至 112/11/16","08:00","新加坡東方文華酒店","本公司受邀參加摩根士丹利證券所舉辦之『Twenty-Second Annual Asia Pacific Summit』，會中就本公司10/19法說會已公開之財務數字、經營績效等相關資訊進行說明。","233020231019M002.pdf","233020231019E002.pdf","https://investor.tsmc.com/chinese/quarterly-results/",法說會影音連結資訊:https://investor.tsmc.com/sites/ir/2023-11/20231115%20TSMC%20Meeting%20at%20MS%20Conference.mp3 ,"無。"
"2330","台積電","112/10/19","14:00","線上法說會","(1) 公布本公司2023年第3季財務報告及2023年第4季業績展望。(2) 參加方式：請參見https://investor.tsmc.com/chinese/quarterly-results/2023/q3","233020231019M002.pdf","233020231019E002.pdf","https://investor.tsmc.com/chinese/quarterly-results/2023/q3",同步收看網址：:https://investor.tsmc.com/chinese/quarterly-results/2023/q3 法說會影音連結資訊:https://investor.tsmc.com/chinese/quarterly-results/2023/q3 ,"無。"
"2330","台積電","112/09/18","09:00","台北W hotel","本公司受邀參加美商高盛證券所舉辦之『Goldman Sachs Taiwan Corporate Day 2023』，會中就本公司7/20法說會已公開之財務數字、經營績效等相關資訊進行說明。","233020230720M001.pdf","233020230720E001.pdf","https://investor.tsmc.com/chinese/quarterly-results/",,"無。"
"2330","台積電","112/09/06 至 112/09/07","20:15","紐約希爾頓飯店","本公司受邀參加花旗環球證券所舉辦之『Citi&#039;s 2023 Global Technology and GEMS Conference』，會中就本公司7/20法說會已公開之財務數字、經營績效等相關資訊進行說明。","233020230720M001.pdf","233020230720E001.pdf","https://investor.tsmc.com/chinese/quarterly-results/",,"無。"
"2330","台積電","112/07/20","14:00","線上法說會","(1)公布本公司2023年第2季財務報告及2023年第3季業績展望。(2)參加方式：請參見https://investor.tsmc.com/chinese/quarterly-results/2023/q2","233020230720M001.pdf","233020230720E001.pdf","https://investor.tsmc.com/chinese/quarterly-results/2023/q2",同步收看網址：:https://investor.tsmc.com/chinese/quarterly-results/2023/q2 法說會影音連結資訊:https://investor.tsmc.com/chinese/quarterly-results/2023/q2 ,"無"
"2330","台積電","112/05/31","09:00","台北W飯店","本公司受邀參加花旗環球證券所舉辦之『Regional Tech Conference 2023』，會中就本公司4/20法說會已公開之財務數字、經營績效等相關資訊進行說明。","233020230420M001.pdf","233020230420E001.pdf","https://investor.tsmc.com/chinese/quarterly-results/",,"無。"
"2330","台積電","112/04/20","14:00","線上法說會","(1)公布本公司2023年第1季財務報告及2023年第2季業績展望。(2)參加方式：請參見https://investor.tsmc.com/chinese/quarterly-results/2023/q1","233020230420M001.pdf","233020230420E001.pdf","https://investor.tsmc.com/chinese/quarterly-results/2023/q1",同步收看網址：:https://investor.tsmc.com/chinese/quarterly-results/2023/q1 法說會影音連結資訊:https://investor.tsmc.com/chinese/quarterly-results/2023/q1 ,"無。"
"2330","台積電","112/03/21 至 112/03/23","09:30","香港康萊德酒店","本公司受邀參加瑞士信貸所舉辦之『26th Credit Suisse Asian Investment Conference』，會中就本公司1/12法說會已公開之財務數字、經營績效等相關資訊進行說明。","233020230112M001.pdf","233020230112E001.pdf","https://investor.tsmc.com/chinese/quarterly-results/",,"無。"
"2330","台積電","112/03/13","09:00","台北君悅大飯店","本公司受邀參加美銀證券所舉辦之『2023 Asia Pacific Telecom, Media &amp; Technology Conference』，會中就本公司1/12法說會已公開之財務數字、經營績效等相關資訊進行說明。","233020230112M001.pdf","233020230112E001.pdf","https://investor.tsmc.com/chinese/quarterly-results/",,"無。"
"2330","台積電","112/03/08 至 112/03/10","00:35","舊金山皇宮酒店","本公司受邀參加摩根士丹利證券所舉辦之『Morgan Stanley Technology, Media &amp; Telecom Conference』，會中就本公司1/12法說會已公開之財務數字、經營績效等相關資訊進行說明。","233020230112M001.pdf","233020230112E001.pdf","https://investor.tsmc.com/chinese/quarterly-results/",,"無。"
"2330","台積電","112/02/20","09:00","台北君悅大飯店","&#8226;	本公司受邀參加摩根大通證券所舉辦之『J.P. Morgan Taiwan CEO-CFO Conference 2023』，會中就本公司1/12法說會已公開之財務數字、經營績效等相關資訊進行說明。","233020230112M001.pdf","233020230112E001.pdf","https://investor.tsmc.com/chinese/quarterly-results/",,"無。"
"2330","台積電","112/01/12","14:00","線上法說會","(1)公布本公司2022年第4季財務報告及2023年第1季業績展望。(2)參加方式：請參見https://investor.tsmc.com/chinese/quarterly-results/2022/q4","233020230112M001.pdf","233020230112E001.pdf","https://investor.tsmc.com/chinese/quarterly-results/2022/q4",同步收看網址：:https://investor.tsmc.com/chinese/quarterly-results/2022/q4 法說會影音連結資訊:https://investor.tsmc.com/chinese/quarterly-results/2022/q4 ,"無。"
"2330","台積電","111/12/10","02:00","美國加州","本公司將舉辦『TSMC Investor Day』，會中就本公司10/13法說會已公開之財務數字、經營績效等相關資訊進行說明。","233020221013M001.pdf","233020221013E001.pdf","https://investor.tsmc.com/chinese/quarterly-results/",,"無。"
"2330","台積電","111/11/16 至 111/11/18","09:30","新加坡東方文華酒店","本公司受邀參加摩根士丹利證券所舉辦之『Twenty-First Annual Asia Pacific Summit』，會中就本公司10/13法說會已公開之財務數字、經營績效等相關資訊進行說明。","233020221013M001.pdf","233020221013E001.pdf","https://investor.tsmc.com/chinese/quarterly-results/",,"無。"
"2330","台積電","111/10/13","14:00","線上法說會","(1)公布本公司2022年第3季財務報告及2022年第4季業績展望。(2)參加方式：請參見https://investor.tsmc.com/chinese/quarterly-results/2022/q3","233020221013M001.pdf","233020221013E001.pdf","https://investor.tsmc.com/chinese/quarterly-results/2022/q3",同步收看網址：:https://investor.tsmc.com/chinese/quarterly-results/2022/q3 法說會影音連結資訊:https://investor.tsmc.com/chinese/quarterly-results/2022/q3 ,"無。"
"2330","台積電","111/07/14","14:00","線上法說會","(1)公布本公司2022年第2季財務報告及2022年第3季業績展望。(2)參加方式：請參見https://investor.tsmc.com/chinese/quarterly-results/2022/q2","233020220714M001.pdf","233020220714E001.pdf","https://investor.tsmc.com/chinese/quarterly-results/2022/q2",同步收看網址：:https://investor.tsmc.com/chinese/quarterly-results/2022/q2 法說會影音連結資訊:https://investor.tsmc.com/chinese/quarterly-results/2022/q2 ,"無。"
"2330","台積電","111/06/20","16:00","線上機構投資人說明會","本公司受邀參加瑞銀證券所舉辦之『UBS Taiwan Virtual Conference 2022』，會中就本公司4/14法說會已公開之財務數字、經營績效等相關資訊進行說明。","233020220414M001.pdf","233020220414E001.pdf","https://investor.tsmc.com/chinese/quarterly-results/",,"無。"
"2330","台積電","111/05/19","09:00","線上機構投資人說明會","本公司受邀參加花旗環球證券所舉辦之『Regional Tech Investor Conference 2022』，會中就本公司4/14法說會已公開之財務數字、經營績效等相關資訊進行說明。","233020220414M001.pdf","233020220414E001.pdf","https://investor.tsmc.com/chinese/quarterly-results/",,"無。"
"2330","台積電","111/04/14","14:00","線上法說會","(1)公布本公司2022年第1季財務報告及2022年第2季業績展望。(2)參加方式：請參見https://investor.tsmc.com/chinese/quarterly-results/2022/q1","233020220414M001.pdf","233020220414E001.pdf","https://investor.tsmc.com/chinese/quarterly-results/2022/q1",同步收看網址：:https://investor.tsmc.com/chinese/quarterly-results/2022/q1 法說會影音連結資訊:https://investor.tsmc.com/chinese/quarterly-results/2022/q1 ,"無。"
"2330","台積電","111/03/22","09:00","線上機構投資人說明會","&#8226;	本公司受邀參加瑞士信貸所舉辦之『25th Credit Suisse Asian Investment Conference』，會中就本公司1/13法說會已公開之財務數字、經營績效等相關資訊進行說明。","233020220113M001.pdf","233020220113E001.pdf","https://investor.tsmc.com/chinese/quarterly-results/",,"無。"
"2330","台積電","111/03/16","09:00","線上機構投資人說明會","本公司受邀參加美銀證券所舉辦之『BofA 2022 APAC TMT Conference』，會中就本公司1/13法說會已公開之財務數字、經營績效等相關資訊進行說明。","233020220113M001.pdf","233020220113E001.pdf","https://investor.tsmc.com/chinese/quarterly-results/",,"無。"
"2330","台積電","111/02/22","09:00","線上機構投資人說明會","本公司受邀參加摩根大通證券所舉辦之「J.P. Morgan Taiwan CEO-CFO Conference 2022(Virtual)」，會中就本公司1/13法說會已公開之財務數字、經營績效等相關資訊進行說明。","233020220113M001.pdf","233020220113E001.pdf","https://investor.tsmc.com/chinese/quarterly-results/",,"無。"
"2330","台積電","111/01/13","14:00","線上法說會","(1)公布本公司2021年第4季財務報告及2022年第1季業績展望。(2)參加方式：請參見https://investor.tsmc.com/chinese/quarterly-results/2021/q4","233020220113M001.pdf","233020220113E001.pdf","https://investor.tsmc.com/chinese/quarterly-results/2021/q4",同步收看網址：:https://investor.tsmc.com/chinese/quarterly-results/2021/q4 法說會影音連結資訊:https://investor.tsmc.com/chinese/quarterly-results/2021/q4 ,"無。"
"2330","台積電","110/11/11 至 110/11/12","09:00","線上機構投資人說明會","本公司受邀參加摩根大通證券所舉辦之『9th Annual J.P. Morgan Global Technology, Media and Telecom Conference in Asia (Virtual)』，會中就本公司10/14法說會已公開之財務數字、經營績效等相關資訊進行說明。","233020211014M001.pdf","233020211014E001.pdf","https://investor.tsmc.com/chinese/quarterly-results/",,"無。"
"2330","台積電","110/10/19","09:30","線上法說會","本公司將參加高盛證券所舉辦之線上法說會，會中就本公司10/14法說會已公開發佈之財務數字、經營績效等相關資訊做說明。","233020211014M001.pdf","233020211014E001.pdf","https://investor.tsmc.com/chinese/quarterly-results/2021/q3",,"無。"
"2330","台積電","110/10/14","14:00","線上法說會","(1) 公布本公司2021年第3季財務報告及2021年第4季業績展望。 (2) 參加方式：請參見https://investor.tsmc.com/chinese/quarterly-results/2021/q3","233020211014M001.pdf","233020211014E001.pdf","https://investor.tsmc.com/chinese/quarterly-results/2021/q3",同步收看網址：:https://investor.tsmc.com/chinese/quarterly-results/2021/q3 法說會影音連結資訊:https://investor.tsmc.com/chinese/quarterly-results/2021/q3 ,"無。"
"2330","台積電","110/09/16","09:00","線上法說會","本公司將參加里昂證券所舉辦之線上法說會 -『28th Annual CITIC CLSA Flagship Investors&#039; Forum 2021』，會中就本公司7/15法說會已公開發佈之財務數字、經營績效等相關資訊做說明。","233020210715M001.pdf","233020210715E001.pdf","https://investor.tsmc.com/chinese/quarterly-results/",,"無。"
"2330","台積電","110/09/10","09:00","線上法說會","本公司將參加德意志銀行所舉辦之線上法說會 -『Deutsche Bank Technology Conference』，會中就本公司7/15法說會已公開發佈之財務數字、經營績效等相關資訊做說明。","233020210715M001.pdf","233020210715E001.pdf","https://investor.tsmc.com/chinese/quarterly-results/",,"無。"
"2330","台積電","110/09/09","09:00","線上法說會","本公司將參加瑞士信貸所舉辦之線上法說會 -『22nd Credit Suisse Asian Technology Conference』，會中就本公司7/15法說會已公開發佈之財務數字、經營績效等相關資訊做說明。","233020210715M001.pdf","233020210715E001.pdf","https://investor.tsmc.com/chinese/quarterly-results/",,"無。"
"2330","台積電","110/09/08","09:00","線上法說會","本公司將參加富瑞金融所舉辦之線上法說會 -『Jefferies Asia Forum』，會中就本公司7/15法說會已公開發佈之財務數字、經營績效等相關資訊做說明。","233020210715M001.pdf","233020210715E001.pdf","https://investor.tsmc.com/chinese/quarterly-results/",,"無。"
"2330","台積電","110/08/19","09:00","線上法說會","本公司將參加美商高盛證券所舉辦之線上法說會 -『Goldman Sachs Virtual Taiwan Semis, Foundry, OSAT, IC Design Supply Chain Day』，會中就本公司7/15法說會已公開發佈之財務數字、經營績效等相關資訊做說明。","233020210715M001.pdf","233020210715E001.pdf","https://investor.tsmc.com/chinese/quarterly-results/2021/q2",,"無。"
"2330","台積電","110/07/15","14:00","線上法說會。","(1) 公布本公司2021年第2季財務報告及2021年第3季業績展望。 (2) 參加方式：請參見https://investor.tsmc.com/chinese/quarterly-results/2021/q2","233020210715M001.pdf","233020210715E001.pdf","https://investor.tsmc.com/chinese/quarterly-results/2021/q2",同步收看網址：:https://investor.tsmc.com/chinese/quarterly-results/2021/q2 法說會影音連結資訊:https://investor.tsmc.com/chinese/quarterly-results/2021/q2 ,"無。"
"2330","台積電","110/06/22 至 110/06/23","17:00","線上法說會","本公司將參加瑞銀證券所舉辦之線上法說會 -『UBS Taiwan Virtual Conference 2021』，會中就本公司4/15法說會已公開發佈之財務數字、經營績效等相關資訊做說明。","233020210415M002.pdf","233020210415E002.pdf","https://investor.tsmc.com/chinese/quarterly-results/2021/q1",,"無。"
"2330","台積電","110/05/12","09:30","線上法說會","本公司將參加花旗環球證券所舉辦之線上法說會 -『Citi Regional Tech Conference 2021』，會中就本公司4/15法說會已公開發佈之財務數字、經營績效等相關資訊做說明。","233020210415M002.pdf","233020210415E002.pdf","https://investor.tsmc.com/chinese/quarterly-results/",,"無。"
"2330","台積電","110/04/19","09:30","線上法說會","本公司將參加高盛證券所舉辦之線上法說會，會中就本公司4/15法說會已公開發佈之財務數字、經營績效等相關資訊做說明。","233020210415M002.pdf","233020210415E002.pdf","https://investor.tsmc.com/chinese/quarterly-results/2021/q1",,"無"
"2330","台積電","110/04/15","14:00","線上法說會","(1) 公布本公司2021年第1季財務報告及2021年第2季業績展望。 (2) 參加方式：請參見https://investor.tsmc.com/chinese/quarterly-results/2021/q1","233020210415M002.pdf","233020210415E002.pdf","https://investor.tsmc.com/chinese/quarterly-results/2021/q1",同步收看網址：:https://investor.tsmc.com/chinese/quarterly-results/2021/q1 法說會影音連結資訊:https://investor.tsmc.com/chinese/quarterly-results/2021/q1 ,"無"
"2330","台積電","110/03/24","09:00","線上法說會","本公司將參加瑞士信貸所舉辦之線上法說會 -『24th Credit Suisse Asian Investment Conference』，會中就本公司1/14法說會已公開發佈之財務數字、經營績效等相關資訊做說明。","233020210114M001.pdf","233020210114E001.pdf","https://investor.tsmc.com/chinese/quarterly-results",,"無。"
"2330","台積電","110/03/18","09:00","線上法說會","本公司將參加美銀證券所舉辦之線上法說會 -『BofA 2021 APAC TMT Conference』，會中就本公司1/14法說會已公開發佈之財務數字、經營績效等相關資訊做說明。","233020210114M001.pdf","233020210114E001.pdf","https://investor.tsmc.com/chinese/quarterly-results",,"無。"
"2330","台積電","110/02/23","09:00","線上法說會","本公司將參加摩根大通證券所舉辦之線上法說會 -『J.P. Morgan Taiwan CEO-CFO Conference 2021 (Virtual)』，會中就本公司1/14法說會已公開發佈之財務數字、經營績效等相關資訊做說明。","233020210114M001.pdf","233020210114E001.pdf","http://www.tsmc.com.tw/chinese/investorRelations/quarterly_results.htm",,"無"
"2330","台積電","110/01/14","14:00","線上法說會","(1) 公布本公司2020年第4季財務報告及2021年第1季業績展望。 (2) 參加方式：請參見https://investor.tsmc.com/chinese/quarterly-results/2020/q4","233020210114M001.pdf","233020210114E001.pdf","https://investor.tsmc.com/chinese/quarterly-results/2020/q4",同步收看網址：:https://investor.tsmc.com/chinese/quarterly-results/2020/q4 法說會影音連結資訊:https://investor.tsmc.com/static/quarterlyResults/4q20/chinese/quarterly_results.html ,"無"
"2330","台積電","109/11/19","09:00","線上法說會","本公司將參加摩根士丹利證券所舉辦之線上法說會 -『Morgan Stanley Virtual Asia Pacific Summit 2020』，會中就本公司10/15法說會已公開發佈之財務數字、經營績效等相關資訊做說明。","233020201015M001.pptx","233020201015E001.pptx","http://www.tsmc.com.tw/chinese/investorRelations/quarterly_results.htm",,"無。"
"2330","台積電","109/11/17","09:00","線上法說會","本公司將參加摩根大通證券所舉辦之線上法說會 -『J.P. Morgan Global Technology, Media and Telecom Conference in Asia (Virtual)』，會中就本公司10/15法說會已公開發佈之財務數字、經營績效等相關資訊做說明。","233020201015M001.pptx","233020201015E001.pptx","http://www.tsmc.com.tw/chinese/investorRelations/quarterly_results.htm",,"無。"
"2330","台積電","109/11/09","09:00","線上法說會","本公司將參加瑞銀證券所舉辦之線上法說會 -『UBS Virtual Taiwan Conference 2020』，會中就本公司10/15法說會已公開發佈之財務數字、經營績效等相關資訊做說明。","233020201015M001.pptx","233020201015E001.pptx","http://www.tsmc.com.tw/chinese/investorRelations/quarterly_results.htm",,"無。"
"2330","台積電","109/10/15","14:00","線上法說會","(1) 公布本公司2020年第3季財務報告及2020年第4季業績展望。
(2) 參加方式：請參見 https://www.tsmc.com/chinese/investorRelations/quarterly_results.htm","233020201015M001.pptx","233020201015E001.pptx","https://www.tsmc.com/chinese/investorRelations/quarterly_results.htm",同步收看網址：:https://www.tsmc.com/chinese/investorRelations/quarterly_results.htm 法說會影音連結資訊:https://www.tsmc.com/chinese/investorRelations/quarterly_results.htm ,"無。"
"2330","台積電","109/09/21 至 109/09/22","09:30","線上法說會","本公司將參加高盛證券所舉辦之線上法說會，會中就本公司7/16法說會已公開發佈之財務數字、經營績效等相關資訊做說明。","233020200716M001.pptx","233020200716E001.pptx","https://www.tsmc.com/chinese/investorRelations/quarterly_results.htm",,"無。"
"2330","台積電","109/09/15 至 109/09/16","15:00","線上法說會","本公司將參加里昂證券所舉辦之線上法說會 -『27th Annual CITIC CLSA Flagship Investors&#039; Forum』，會中就本公司7/16法說會已公開發佈之財務數字、經營績效等相關資訊做說明。","233020200716M001.pptx","233020200716E001.pptx","http://www.tsmc.com.tw/chinese/investorRelations/quarterly_results.htm",,"無。"
"2330","台積電","109/09/14","09:00","線上法說會","本公司將參加富瑞金融所舉辦之線上法說會 -『2020 Jefferies Asia Forum』，會中就本公司7/16法說會已公開發佈之財務數字、經營績效等相關資訊做說明。","233020200716M001.pptx","233020200716E001.pptx","http://www.tsmc.com.tw/chinese/investorRelations/quarterly_results.htm",,"無。"
"2330","台積電","109/09/10","09:00","線上法說會","本公司將參加瑞士信貸所舉辦之線上法說會 -『21st Credit Suisse Asian Technology Conference (virtual event)』，會中就本公司7/16法說會已公開發佈之財務數字、經營績效等相關資訊做說明。","233020200716M001.pptx","233020200716E001.pptx","http://www.tsmc.com.tw/chinese/investorRelations/quarterly_results.htm",,"無。"
"2330","台積電","109/08/19","10:00","線上法說會","本公司將參加美銀證券所舉辦之線上法說會 -『2020 Taiwan Tech Corporate Day』，會中就本公司7/16法說會已公開發佈之財務數字、經營績效等相關資訊做說明。","233020200716M001.pptx","233020200716E001.pptx","http://www.tsmc.com.tw/chinese/investorRelations/quarterly_results.htm",,"無。"
"2330","台積電","109/07/16","14:00","線上法說會","(1) 公布本公司2020年第2季財務報告及2020年第3季業績展望。

(2) 參加方式：請參見 https://www.tsmc.com/chinese/investorRelations/quarterly_results.htm","233020200716M001.pptx","233020200716E001.pptx","https://www.tsmc.com/chinese/investorRelations/quarterly_results.htm",同步收看網址：:https://www.tsmc.com/chinese/investorRelations/quarterly_results.htm 法說會影音連結資訊:https://www.tsmc.com/chinese/investorRelations/quarterly_results.htm ,"無。"
"2330","台積電","109/06/18","11:00","線上法說會","本公司將參加瑞銀證券所舉辦之線上法說會 -『2020 UBS Virtual Taiwan Corporate Day』，會中就本公司4/16法說會已公開發佈之財務數字、經營績效等相關資訊做說明。","233020200416M001.pdf","233020200416E001.pdf","http://www.tsmc.com.tw/chinese/investorRelations/quarterly_results.htm",,"無。"
"2330","台積電","109/05/28","09:00","線上法說會。","&#8226;本公司將參加花旗環球證券所舉辦之線上法說會 -『Regional Tech Investor Conference 2020』，會中就本公司4/16法說會已公開發佈之財務數字、經營績效等相關資訊做說明。","233020200416M001.pdf","233020200416E001.pdf","http://www.tsmc.com.tw/chinese/investorRelations/quarterly_results.htm",,"無。"
"2330","台積電","109/04/16","14:00","線上法說會","1、公布本公司2020年第1季財務報告及2020年第2季業績展望。　2、參加方式：請參見
https://www.tsmc.com/chinese/investorRelations/quarterly_results.htm","233020200416M001.pdf","233020200416E001.pdf","https://www.tsmc.com/chinese/investorRelations/quarterly_results.htm",法說會影音連結資訊:https://www.tsmc.com/chinese/investorRelations/quarterly_results.htm ,"無。"
"2330","台積電","109/03/18","09:00","線上法說會。","本公司將參加美銀證券所舉辦之線上法說會 -『BofA 2020 Asia Pacific Telecom, Media &amp; Technology Conference』，會中就本公司1/16法說會已公開發佈之財務數字、經營績效等相關資訊做說明。","233020200116M001.pptx","233020200116E001.pptx","http://www.tsmc.com.tw/chinese/investorRelations/quarterly_results.htm",,"無。"
"2330","台積電","109/03/05","09:00","線上法說會","本公司將參加瑞士信貸所舉辦之線上法說會-『Credit Suisse Virtual Access - Asian Investment Conference Meetings』，會中就本公司1/16法說會已公開發佈之財務數字、經營績效等相關資訊做說明。","233020200116M001.pptx","233020200116E001.pptx","http://www.tsmc.com.tw/chinese/investorRelations/quarterly_results.htm",,"無。"
"2330","台積電","109/02/25","09:00","線上法說會","本公司將參加摩根大通證券所舉辦之線上法說會-『Taiwan CEO-CFO conference』，會中就本公司1/16法說會已公開發佈之財務數字、經營績效等相關資訊做說明。","233020200116M001.pptx","233020200116E001.pptx","http://www.tsmc.com/chinese/investorRelations/quarterly_results.htm",,"無。"
"2330","台積電","109/01/16","14:00","台北遠東國際大飯店三樓遠東宴會廳 
(台北市敦化南路二段201號)","公布本公司2019年第4季財務報告及2020年第1季的業績展望。","233020200116M001.pptx","233020200116E001.pptx","https://www.tsmc.com/chinese/investorRelations/quarterly_results.htm",同步收看網址：:https://www.tsmc.com/chinese/investorRelations/quarterly_results.htm ,"無。"
"2330","台積電","108/10/17","14:00","台北遠東國際大飯店三樓遠東宴會廳
(台北市敦化南路二段201號)","公布本公司2019年第3季財務報告及2019年第4季的業績展望。","233020191017M001.pptx","233020191017E001.pptx","https://www.tsmc.com/chinese/investorRelations/quarterly_results.htm",法說會影音連結資訊:https://www.tsmc.com/chinese/investorRelations/quarterly_results.htm ,"無。"
"2330","台積電","108/09/09 至 108/09/12","14:00","香港君悅大飯店","本公司將參加里昂證券所舉辦之『26th CLSA Investors&#039; Forum』，會中就本公司7/18法說會已公開發佈之財務數字、經營績效等相關資訊做說明。","233020190718M001.pdf","233020190718E001.pdf","http://www.tsmc.com.tw/chinese/investorRelations/quarterly_results.htm",,"無。"
"2330","台積電","108/09/04 至 108/09/06","09:00","台北君悅大飯店","本公司將於9月4日以及9月6日參加瑞士信貸所舉辦之『20th Annual Asian Technology Conference』，會中就本公司7/18法說會已公開發佈之財務數字、經營績效等相關資訊做說明。","233020190718M001.pdf","233020190718E001.pdf","http://www.tsmc.com.tw/chinese/investorRelations/quarterly_results.htm",,"無。"
"2330","台積電","108/07/18","14:00","台北遠東國際大飯店三樓遠東宴會廳(台北市敦化南路二段201號)","公布本公司2019年第2季財務報告及2019年第3季的業績展望。","233020190718M001.pdf","233020190718E001.pdf","https://www.tsmc.com/chinese/investorRelations/quarterly_results.htm",法說會影音連結資訊:https://www.tsmc.com/chinese/investorRelations/quarterly_results.htm ,"無。"
"2330","台積電","108/06/28","09:00","台北君悅大飯店","本公司將參加瑞銀證券所舉辦之『UBS Taiwan Conference 2019』，會中就本公司4/18法說會已公開發佈之財務數字、經營績效等相關資訊做說明。","233020190418M001.pdf","233020190418E001.pdf","http://www.tsmc.com.tw/chinese/investorRelations/quarterly_results.htm",,"無。"
"2330","台積電","108/05/24","09:00","台北W飯店","本公司將參加花旗環球證券所舉辦之『Regional Tech Investor Conference 2019』，會中就本公司4/18法說會已公開發佈之財務數字、經營績效等相關資訊做說明。","233020190418M001.pdf","233020190418E001.pdf","http://www.tsmc.com.tw/chinese/investorRelations/quarterly_results.htm",,"無。"
"2330","台積電","108/04/18","14:00","台北遠東國際大飯店三樓遠東宴會廳(台北市敦化南路二段201號)","公布本公司2019年第1季財務報告及2019年第2季的業績展望。","233020190418M001.pdf","233020190418E001.pdf","https://www.tsmc.com/chinese/investorRelations/quarterly_results.htm",法說會影音連結資訊:https://www.tsmc.com/chinese/investorRelations/quarterly_results.htm ,"無。"
"2330","台積電","108/03/25 至 108/03/27","14:00","香港康萊德酒店","本公司將參加瑞士信貸所舉辦之『22nd Credit Suisse Asian Investment Conference』，會中就本公司1/17法說會已公開發佈之財務數字、經營績效等相關資訊做說明。","233020190117M001.pdf","233020190117E001.pdf","http://www.tsmc.com.tw/chinese/investorRelations/quarterly_results.htm",,"無。"
"2330","台積電","108/03/21","09:00","台北遠東大飯店","本公司將參加美林證券所舉辦之『Asia Pacific Telecom, Media &amp; Technology Conference 2019』，會中就本公司1/17法說會已公開發佈之財務數字、經營績效等相關資訊做說明。","233020190117M001.pdf","233020190117E001.pdf","http://www.tsmc.com.tw/chinese/investorRelations/quarterly_results.htm",,"無。"
"2330","台積電","108/02/19","10:00","台北君悅大飯店","本公司將參加摩根大通證券所舉辦之『Taiwan CEO-CFO conference』，會中就本公司1/17法說會已公開發佈之財務數字、經營績效等相關資訊做說明。","233020190117M001.pdf","233020190117E001.pdf","http://www.tsmc.com.tw/chinese/investorRelations/quarterly_results.htm",,"無。"
"2330","台積電","108/01/17","14:00","台北遠東國際大飯店三樓遠東宴會廳 (台北市敦化南路二段201號)","公布本公司2018年第4季財務報告及2019年第1季的業績展望。","233020190117M001.pdf","233020190117E001.pdf","https://www.tsmc.com/chinese/investorRelations/quarterly_results.htm",同步收看網址：:https://www.tsmc.com/chinese/investorRelations/quarterly_results.htm 法說會影音連結資訊:https://www.tsmc.com/chinese/investorRelations/quarterly_results.htm ,"無。"
"2330","台積電","107/11/28 至 107/11/29","08:30","新加坡東方文華酒店","本公司將參加摩根士丹利證券所舉辦之『17th Annual Asia Pacific Summit』，會中就本公司10/18法說會已公開發佈之財務數字、經營績效等相關資訊做說明。","233020181018M001.pdf","233020181018E001.pdf","http://www.tsmc.com.tw/chinese/investorRelations/quarterly_results.htm",,"無。"
"2330","台積電","107/11/16","02:00","美國加州","本公司將舉辦『TSMC Investor Day』，會中就本公司10/18法說會已公開發佈之財務數字、經營績效等相關資訊做說明。","233020181018M001.pdf","233020181018E001.pdf","http://www.tsmc.com.tw/chinese/investorRelations/quarterly_results.htm",,"無。"
"2330","台積電","107/10/18","14:00","台北遠東國際大飯店三樓遠東宴會廳 
(台北市敦化南路二段201號)","公布本公司2018年第3季財務報告及2018年第4季的業績展望。","233020181018M001.pdf","233020181018E001.pdf","http://www.tsmc.com/chinese/investorRelations/quarterly_results.htm",同步收看網址：:http://www.tsmc.com/chinese/investorRelations/quarterly_results.htm 法說會影音連結資訊:http://www.tsmc.com/chinese/investorRelations/quarterly_results.htm ,"無。"
"2330","台積電","107/09/10 至 107/09/13","09:30","香港君悅大飯店","本公司將參加里昂證券所舉辦之『25th CLSA Investors&#039; Forum』，會中就本公司7/19法說會已公開發佈之財務數字、經營績效等相關資訊做說明。","233020180719M001.pdf","233020180719E001.pdf","http://www.tsmc.com.tw/chinese/investorRelations/quarterly_results.htm",,"無。"
"2330","台積電","107/09/06","09:00","台北君悅大飯店","本公司將參加瑞士信貸所舉辦之『19th Annual Asian Technology Conference』，會中就本公司7/19法說會已公開發佈之財務數字、經營績效等相關資訊做說明。","233020180719M001.pdf","233020180719E001.pdf","http://www.tsmc.com.tw/chinese/investorRelations/quarterly_results.htm",,"無。"
"2330","台積電","107/07/19","14:00","台北遠東國際大飯店三樓遠東宴會廳 (台北市敦化南路二段201號)","公布2018年第2季財務報告及本公司2018年第3季的業績展望。","233020180719M001.pdf","233020180719E001.pdf","http://www.tsmc.com/chinese/investorRelations/quarterly_results.htm",同步收看網址：:http://www.tsmc.com/chinese/investorRelations/quarterly_results.htm 法說會影音連結資訊:http://www.tsmc.com/chinese/investorRelations/quarterly_results.htm ,"無。"
"2330","台積電","107/06/28","09:00","台北君悅大飯店","本公司將參加瑞銀證券所舉辦之『UBS Taiwan Conference 2018』，會中就本公司4/19法說會已公開發佈之財務數字、經營績效等相關資訊做說明。","233020180419M001.pdf","233020180419E001.pdf","http://www.tsmc.com.tw/chinese/investorRelations/quarterly_results.htm",,"無。"
"2330","台積電","107/05/30","09:00","台北W飯店","本公司將參加花旗環球證券所舉辦之『Regional Tech Investor Conference 2018』，會中就本公司4/19法說會已公開發佈之財務數字、經營績效等相關資訊做說明。","233020180419M001.pdf","233020180419E001.pdf","",,"無。"
"2330","台積電","107/04/19","14:00","台北遠東國際大飯店三樓遠東宴會廳 (台北市敦化南路二段201號)","公布2018年第1季財務報告及本公司2018年第2季的業績展望。","233020180419M001.pdf","233020180419E001.pdf","http://www.tsmc.com",同步收看網址：:http://www.tsmc.com/chinese/investorRelations/quarterly_results.htm 法說會影音連結資訊:http://www.tsmc.com/chinese/investorRelations/quarterly_results.htm ,"無。"
"2330","台積電","107/03/19 至 107/03/21","09:30","香港康萊德酒店","本公司將參加瑞士信貸所舉辦之『21st Annual Asian Investment Conference』，會中就本公司1/18法說會已公開發佈之財務數字、經營績效等相關資訊做說明。","233020180118M001.pdf","233020180118E001.pdf","www.tsmc.com",,"無。"
"2330","台積電","107/03/15","09:00","台北遠東大飯店","本公司將參加美林證券所舉辦之『2018 Taiwan, Technology &amp; Beyond Conference』，會中就本公司1/18法說會已公開發佈之財務數字、經營績效等相關資訊做說明。","233020180118M001.pdf","233020180118E001.pdf","www.tsmc.com",,"無。"
"2330","台積電","107/01/18","14:00","台北遠東國際大飯店三樓遠東宴會廳 (台北市敦化南路二段201號)","公布2017年第4季財務報告及本公司2018年第1季的業績展望。","233020180118M001.pdf","233020180118E001.pdf","http://www.tsmc.com",同步收看網址：:http://www.tsmc.com/chinese/investorRelations/quarterly_results.htm 法說會影音連結資訊:http://www.tsmc.com/chinese/investorRelations/quarterly_results.htm ,"無。"
"2330","台積電","106/10/19","14:00","台北遠東國際大飯店三樓遠東宴會廳 
(台北市敦化南路二段201號)","公布2017年第3季財務報告及本公司2017年第4季的業績展望。","233020171019M001.pdf","233020171019E001.pdf","http://www.tsmc.com",同步收看網址：:http://www.tsmc.com/chinese/investorRelations/quarterly_results.htm 錄影資訊網址:http://www.tsmc.com/chinese/investorRelations/quarterly_results.htm ,"無。"
"2330","台積電","106/09/12 至 106/09/14","09:30","香港君悅酒店","本公司將參加里昂證券所舉辦之『 24th CLSA Investors&#039; Forum』，會中就本公司7/13法說會已公開發佈之財務數字、經營績效等相關資訊做說明。","233020170713M001.pdf","233020170713E001.pdf","http://www.tsmc.com",,"無。"
"2330","台積電","106/09/08","09:00","台北君悅大飯店","本公司將參加瑞士信貸所舉辦之『Asian Technology Conference 2017』，會中就本公司7/13法說會已公開發佈之財務數字、經營績效等相關資訊做說明。","233020170713M001.pdf","233020170713E001.pdf","http://www.tsmc.com",,"無。"
"2330","台積電","106/07/13","14:00","台北遠東國際大飯店三樓遠東宴會廳 
(台北市敦化南路二段201號)","公布2017年第2季財務報告及本公司2017年第3季的業績展望。","233020170713M001.pdf","233020170713E001.pdf","http://www.tsmc.com",同步收看網址：:http://www.tsmc.com/chinese/investorRelations/quarterly_results.htm 錄影資訊網址:http://www.tsmc.com/chinese/investorRelations/quarterly_results.htm ,"無。"
"2330","台積電","106/06/23","09:00","台北君悅大飯店","本公司將參加瑞銀證券所舉辦之『UBS Taiwan Conference 2017』，會中就本公司4/13法說會已公開發佈之財務數字、經營績效等相關資訊做說明。","233020170413M001.pdf","233020170413E001.pdf","www.tsmc.com",,"無。"
"2330","台積電","106/04/13","14:00","台北遠東國際大飯店三樓遠東宴會廳 (台北市敦化南路二段201號)","公布2017年第1季財務報告及本公司2017年第2季的業績展望","233020170413M001.pdf","233020170413E001.pdf","http://www.tsmc.com",同步收看網址：:http://www.tsmc.com/chinese/investorRelations/quarterly_results.htm 錄影資訊網址:http://www.tsmc.com/chinese/investorRelations/quarterly_results.htm ,"無。"
"2330","台積電","106/03/29 至 106/03/30","09:30","香港康萊德酒店","本公司將參加瑞士信貸所舉辦之『20th Annual Asian Investment Conference』，會中就本公司1/12法說會已公開發佈之財務數字、經營績效等相關資訊做說明。","233020170112M001.pdf","233020170112E001.pdf","www.tsmc.com",,"無。"
"2330","台積電","106/03/22","09:00","台北遠東大飯店","本公司將參加美林證券所舉辦之『2017 Taiwan, Technology &amp; Beyond Conference』，會中就本公司1/12法說會已公開發佈之財務數字、經營績效等相關資訊做說明。","233020170112M001.pdf","233020170112E001.pdf","www.tsmc.com",,"無。"
"2330","台積電","106/01/12","14:00","台北遠東國際大飯店三樓遠東宴會廳 (台北市敦化南路二段201號)","公布2016年第4季財務報告及本公司2017年第1季的業績展望","233020170112M001.pdf","233020170112E001.pdf","http://www.tsmc.com",同步收看網址：:http://www.tsmc.com/chinese/investorRelations/quarterly_results.htm 錄影資訊網址:http://www.tsmc.com/chinese/investorRelations/quarterly_results.htm ,"無。"
"2330","台積電","105/11/16 至 105/11/18","17:30","新加坡東方文華酒店","本公司將參加摩根士丹利證券所舉辦之『15th Annual Asia Pacific Summit』，會中就本公司10/13法說會已公開發佈之財務數字、經營績效等相關資訊做說明。","233020161013M001.pdf","233020161013E001.pdf","www.tsmc.com",,"無。"
"2330","台積電","105/10/13","14:00","台北遠東國際大飯店三樓遠東宴會廳 (台北市敦化南路二段201號)","公布2016年第3季財務報告及本公司2016年第4季的業績展望","233020161013M001.pdf","233020161013E001.pdf","http://www.tsmc.com",同步收看網址：:http://www.tsmc.com/chinese/investorRelations/quarterly_results.htm 錄影資訊網址:http://www.tsmc.com/chinese/investorRelations/quarterly_results.htm ,"無 。"
"2330","台積電","105/09/19 至 105/09/21","09:30","香港君悅酒店","本公司將參加里昂證券所舉辦之『 23rd CLSA Investors&#039; Forum』，會中就本公司7/14法說會已公開發佈之財務數字、經營績效等相關資訊做說明。","233020160714M001.pdf","233020160714E001.pdf","www.tsmc.com",,"無。"
"2330","台積電","105/09/08 至 105/09/09","15:30","台北君悅大飯店","本公司將參加瑞士信貸所舉辦之『Asian Technology Conference 2016』，會中就本公司7/14法說會已公開發佈之財務數字、經營績效等相關資訊做說明。","233020160714M001.pdf","233020160714E001.pdf","www.tsmc.com",,"無。"
"2330","台積電","105/07/14","14:00","台北遠東國際大飯店三樓遠東宴會廳 (台北市敦化南路二段201號)","公布2016年第2季財務報告及本公司2016年第3季的業績展望","233020160714M001.pdf","233020160714E001.pdf","http://www.tsmc.com",同步收看網址：:http://www.tsmc.com/chinese/investorRelations/quarterly_results.htm 錄影資訊網址:http://www.tsmc.com/chinese/investorRelations/quarterly_results.htm ,"無 。"
"2330","台積電","105/06/24","09:00","台北君悅大飯店","本公司將參加瑞銀證券所舉辦之『UBS Taiwan Conference 2016』，會中就本公司4/14法說會已公開發佈之財務數字、經營績效等相關資訊做說明。","233020160414M001.pdf","233020160414E001.pdf","www.tsmc.com",,"無。"
"2330","台積電","105/04/14","14:00","台北遠東國際大飯店三樓遠東宴會廳 (台北市敦化南路二段201號)","公布2016年第1季財務報告及本公司2016年第2季的業績展望","233020160414M001.pdf","233020160414E001.pdf","http://www.tsmc.com",同步收看網址：:http://www.tsmc.com/chinese/investorRelations/quarterly_results.htm 錄影資訊網址:http://www.tsmc.com/chinese/investorRelations/quarterly_results.htm ,"無 。"
"2330","台積電","105/01/14","14:00","台北遠東國際大飯店三樓遠東宴會廳(台北市敦化南路二段201號)","公布2015年第4季財務報告及本公司2016年第1季的業績展望","233020160114M001.pdf","233020160114E001.pdf","http://www.tsmc.com",同步收看網址：:http://www.tsmc.com.tw/chinese/investorRelations/quarterly_results.htm 錄影資訊網址:http://www.tsmc.com.tw/chinese/investorRelations/quarterly_results.htm ,"無。"
"2330","台積電","104/12/02","15:00","港島香格里拉大酒店","本公司將參加巴克萊證券所舉辦之『2015 Asia Technology, Media &amp; Telecommunications Conference』，會中就本公司10/15法說會已公開發佈之財務數字、經營績效等相關資訊做說明。","233020151016M001.pdf","233020151016E001.pdf","http://www.tsmc.com",,"無。"
"2330","台積電","104/11/18 至 104/11/19","09:30","新加坡文華東方酒店","本公司將參加摩根士丹利證券所舉辦之『14th Annual Asia Pacific Summit』，會中就本公司10/15法說會已公開發佈之財務數字、經營績效等相關資訊做說明。","233020151016M001.pdf","233020151016E001.pdf","http://www.tsmc.com",,"無"
"2330","台積電","104/10/15","14:00","台北遠東國際大飯店三樓遠東宴會廳(台北市敦化南路二段201號)","公布2015年第3季財務報告及本公司2015年第4季的業績展望","233020151016M001.pdf","233020151016E001.pdf","http://www.tsmc.com",同步收看網址：:http://www.tsmc.com.tw/chinese/investorRelations/quarterly_results.htm 錄影資訊網址:http://www.tsmc.com.tw/chinese/investorRelations/quarterly_results.htm ,"無"
"2330","台積電","104/09/23","11:00","台北萬豪酒店","本公司將參加國泰證券所舉辦之『2015年季度論壇』，會中就本公司7/16法說會已公開發佈之財務數字、經營績效等相關資訊做說明。","233020150716M001.pdf","233020150716E001.pdf","www.tsmc.com",,"無。"
"2330","台積電","104/09/14 至 104/09/15","08:30","香港君悅大飯店","本公司將參加里昂證券所舉辦之『22th CLSA Investors&#039; Forum』，會中就本公司7/16法說會已公開發佈之財務數字、經營績效等相關資訊做說明。","233020150716M001.pdf","233020150716E001.pdf","www.tsmc.com",,"無。"
"2330","台積電","104/09/10 至 104/09/11","13:00","台北君悅大飯店","本公司將參加瑞士信貸所舉辦之『Asian Technology Conference 2015』，會中就本公司7/16法說會已公開發佈之財務數字、經營績效等相關資訊做說明。","233020150716M001.pdf","233020150716E001.pdf","www.tsmc.com",,"無。"
"2330","台積電","104/07/16","14:00","台北遠東國際大飯店三樓遠東宴會廳(台北市敦化南路二段201號)","公布2015年第2季財務報告及本公司2015第3季的業績展望","233020150716M001.pdf","233020150716E001.pdf","http://www.tsmc.com",同步收看網址：:http://www.tsmc.com/chinese/investorRelations/quarterly_results.htm 錄影資訊網址:http://www.tsmc.com/chinese/investorRelations/quarterly_results.htm ,"無。"
"2330","台積電","104/06/22","09:00","台北君悅大飯店","本公司將參加瑞銀證券所舉辦之『UBS Taiwan Conference 2015』，會中就本公司4/16法說會已公開發佈之財務數字、經營績效等相關資訊做說明。","233020150416M001.pdf","233020150416E001.pdf","www.tsmc.com",,"無。"
"2330","台積電","104/04/16","14:00","台北遠東國際大飯店三樓遠東宴會廳 (台北市敦化南路二段201號)","公布2015年第1季財務報告及本公司2015年第2季的業績展望","233020150416M001.pdf","233020150416E001.pdf","http://www.tsmc.com",同步收看網址：:http://www.tsmc.com/chinese/investorRelations/quarterly_results.htm 錄影資訊網址:http://www.tsmc.com/chinese/investorRelations/quarterly_results.htm ,"無 。"
"2330","台積電","104/03/24 至 104/03/26","09:30","香港康萊德酒店","本公司將參加瑞士信貸所舉辦之『18th Annual Asian 
Investment Conference』，會中就本公司1/15法說會已公開發佈之財務數字、經營績效等相關資訊做說明。","233020150115M002.pdf","233020150115E002.pdf","www.tsmc.com",,"無。"
"2330","台積電","104/03/17 至 104/03/18","15:00","台北遠東大飯店","本公司將參加美林證券所舉辦之『2015 Taiwan, Technology &amp; Beyond  Conference』，會中就本公司1/15法說會已公開發佈之財務數字、經營績效等相關資訊做說明。","233020150115M002.pdf","233020150115E002.pdf","www.tsmc.com",,"無。"
"2330","台積電","104/02/13","01:00","舊金山皇宮酒店","本公司將參加高盛證券所舉辦之『Technology and Internet Conference 2015』，會中就本公司1/15法說會已公開發佈之財務數字、經營績效等相關資訊做說明。","233020150115M002.pdf","233020150115E002.pdf","www.tsmc.com",,"無。"
"2330","台積電","104/01/15","14:00","台北遠東國際大飯店三樓遠東宴會廳 (台北市敦化南路二段201號)","公布2014年第4季財務報告及本公司2015年第1季的業績展望","233020150115M002.pdf","233020150115E002.pdf","http://www.tsmc.com",同步收看網址：:http://www.tsmc.com/chinese/investorRelations/quarterly_results.htm 錄影資訊網址:http://www.tsmc.com/chinese/investorRelations/quarterly_results.htm ,"無 。"
"2330","台積電","103/12/04","09:00","港島香格里拉大酒店","本公司將參加巴克萊證券所舉辦之『2014 Asia Technology, Media &amp; Telecommunications Conference』，會中就本公司10/16法說會已公開發佈之財務數字、經營績效等相關資訊做說明。","233020141016M001.pdf","233020141016E001.pdf","www.tsmc.com",,"無。"
"2330","台積電","103/11/13 至 103/11/14","08:30","新加坡文華東方酒店","本公司將參加摩根士丹利證券所舉辦之『13th Annual Asia Pacific Summit』，會中就本公司10/16法說會已公開發佈之財務數字、經營績效等相關資訊做說明。","233020141016M001.pdf","233020141016E001.pdf","www.tsmc.com",,"無。"
"2330","台積電","103/10/16","14:00","台北遠東國際大飯店三樓遠東宴會廳 (台北市敦化南路二段201號)","公布2014年第3季財務報告及本公司2014年第4季的業績展望","233020141016M001.pdf","233020141016E001.pdf","http://www.tsmc.com",同步收看網址：:http://www.tsmc.com/chinese/investorRelations/quarterly_results.htm 錄影資訊網址:http://www.tsmc.com/chinese/investorRelations/quarterly_results.htm ,"無 。"
"2330","台積電","103/09/16 至 103/09/18","14:00","香港君悅大飯店","本公司將參加里昂證券所舉辦之『21th CLSA Investors&#039; Forum』，會中就本公司7/16法說會已公開發佈之財務數字、經營績效等相關資訊做說明。","233020140716M001.pdf","233020140716E001.pdf","http://www.tsmc.com",,"無。"
"2330","台積電","103/09/10","09:00","台北君悅大飯店","本公司將參加瑞士信貸所舉辦之『Asian Technology Conference 2014』，會中就本公司7/16法說會已公開發佈之財務數字、經營績效等相關資訊做說明。","233020140716M001.pdf","233020140716E001.pdf","http://www.tsmc.com",,"無。"
"2330","台積電","103/07/16","14:00","台北遠東國際大飯店三樓遠東宴會廳(台北市敦化南路二段201號)","公布2014年第二季財務報告及本公司2014年第三季的業績展望","233020140716M001.pdf","233020140716E001.pdf","http://www.tsmc.com",同步收看網址：:http://www.tsmc.com/chinese/investorRelations/quarterly_results.htm 錄影資訊網址:http://www.tsmc.com/chinese/investorRelations/quarterly_results.htm ,"無。"
"2330","台積電","103/06/27","09:00","台北君悅大飯店","本公司將參加瑞銀證券所舉辦之『UBS Taiwan Conference 2014』，會中就本公司4/17法說會已公開發佈之財務數字、經營績效等相關資訊做說明。","233020140417M001.pdf","233020140417E001.pdf","www.tsmc.com",,"無。"
"2330","台積電","103/04/17","14:00","台北遠東國際大飯店三樓遠東宴會廳 
(台北市敦化南路二段201號)","公布2014年第1季財務報告及本公司2014年第2季的業績展望","233020140417M001.pdf","233020140417E001.pdf","http://www.tsmc.com",同步收看網址：:ttp://www.tsmc.com/chinese/investorRelations/quarterly_results.htm 錄影資訊網址:●http://www.tsmc.com/chinese/investorRelations/quarterly_results.htm ,"無 。"
"2330","台積電","103/03/24 至 103/03/26","14:00","香港康萊德酒店","本公司將參加瑞士信貸所舉辦之『17th Annual Asian Investment Conference』，會中就本公司1/16法說會已公開發佈之財務數字、經營績效等相關資訊做說明。","233020140116M001.pdf","233020140116E001.pdf","www.tsmc.com",,"無。"
"2330","台積電","103/03/18 至 103/03/19","08:30","台北遠東大飯店","本公司將參加美林證券所舉辦之『Taiwan, Technology &amp; Beyond 2014 Conference』，會中就本公司1/16法說會已公開發佈之財務數字、經營績效等相關資訊做說明。","233020140116M001.pdf","233020140116E001.pdf","www.tsmc.com",,"無。"
"2330","台積電","103/01/16","14:00","台北遠東國際大飯店三樓遠東宴會廳 (台北市敦化南路二段201號)","公布2013年第4季財務報告及本公司2014年第1季的業績展望","233020140116M001.pdf","233020140116E001.pdf","http://www.tsmc.com",同步收看網址：:http://www.tsmc.com/chinese/investorRelations/quarterly_results.htm 錄影資訊網址:http://www.tsmc.com/chinese/investorRelations/quarterly_results.htm ,"無 。"
"2330","台積電","102/12/05","16:00","港島香格里拉大酒店","本公司將參加巴克萊證券所舉辦之『Barclays Asia TMT Conference 2013』，會中就本公司10/17法說會已公開發佈之財務數字、經營績效等相關資訊做說明。","233020131018M001.pdf","233020131018E001.pdf","www.tsmc.com",,"無。"
"2330","台積電","102/10/17","14:00","台北遠東國際大飯店三樓遠東宴會廳 (台北市敦化南路二段201號)","公布2013年第3季財務報告及本公司2013年第4季的業績展望","233020131018M001.pdf","233020131018E001.pdf","http://www.tsmc.com",同步收看網址：:http://www.tsmc.com/chinese/investorRelations/quarterly_results.htm 錄影資訊網址:http://www.tsmc.com/chinese/investorRelations/quarterly_results.htm ,"無 。"
"2330","台積電","102/09/23 至 102/09/25","09:30","香港君悅大飯店","本公司將參加里昂證券所舉辦之『20th CLSA Investors&#039; Forum』，會中就本公司7/18法說會已公開發佈之財務數字、經營績效等相關資訊做說明。","233020130718M001.pdf","233020130718E001.pdf","www.tsmc.com",,"無。"
"2330","台積電","102/09/12","09:00","台北君悅大飯店","本公司將參加瑞銀證券所舉辦之『Asian Technology Conference 2013』，會中就本公司7/18法說會已公開發佈之財務數字、經營績效等相關資訊做說明。","233020130718M001.pdf","233020130718E001.pdf","www.tsmc.com",,"無。"
"2330","台積電","102/07/18","14:00","台北遠東國際大飯店三樓遠東宴會廳 (台北市敦化南路二段201號)","公布2013年第2季財務報告及本公司2013年第3季的業績展望","233020130718M001.pdf","233020130718E001.pdf","http://www.tsmc.com",錄影資訊網址:http://www.tsmc.com/chinese/investorRelations/quarterly_results.htm ,"無 。"
"2330","台積電","102/06/28","09:00","台北君悅大飯店","本公司將參加瑞銀證券所舉辦之『UBS Taiwan Conference 2013』，會中就本公司4/18法說會已公開發佈之財務數字、經營績效等相關資訊做說明。","233020130418M001.pdf","233020130418E001.pdf","http://www.tsmc.com",,"無。"
"2330","台積電","102/05/20 至 102/05/21","08:00","新加坡濱海灣金沙酒店","本公司將參加德意志銀行所舉辦之『dbAccess Asia Conference 2013』，會中就本公司4/18法說會已公開發佈之財務數字、經營績效等相關資訊做說明。","233020130418M001.pdf","233020130418E001.pdf","www.tsmc.com",,"無。"
"2330","台積電","102/05/15 至 102/05/16","09:00","香港康萊德酒店","本公司將參加花旗銀行所舉辦之『Taiwan Investor Conference 2013』，會中就本公司4/18法說會已公開發佈之財務數字、經營績效等相關資訊做說明。","233020130418M001.pdf","233020130418E001.pdf","www.tsmc.com",,"無。"
"2330","台積電","102/04/18","14:00","台北遠東國際大飯店三樓遠東宴會廳 (台北市敦化南路二段201號)","公布2013年第1季財務報告及本公司2013年第2季的業績展望","233020130418M001.pdf","233020130418E001.pdf","www.tsmc.com",,"無 。"
"2330","台積電","102/03/18 至 102/03/22","21:00","美國、亞洲及歐洲","就本公司1/17法說會已公開發佈之財務數字、經營績效等相關資訊做說明。","233020130314M001.pdf","233020130314E001.pdf","www.tsmc.com",,"無。"
"2330","台積電","102/03/18","09:30","香港康萊德酒店","本公司將參加瑞士信貸所舉辦之『16th Asian Investment Conference』，會中就本公司1/17法說會已公開發佈之財務數字、經營績效等相關資訊做說明。","233020130118M002.pdf","233020130118E002.pdf","www.tsmc.com",,"無。"
"2330","台積電","102/03/13","08:30","台北遠東大飯店","本公司將參加美林證券所舉辦之『Taiwan, Technology &amp; Beyond 2013 Conference』，會中就本公司1/17法說會已公開發佈之財務數字、經營績效等相關資訊做說明。","233020130118M002.pdf","233020130118E002.pdf","www.tsmc.com",,"無。"
"2330","台積電","102/01/17","14:00","台北遠東國際大飯店三樓遠東宴會廳
(台北市敦化南路二段201號)","公布2012年第4季財務報告及本公司2013年第1季的業績展望","233020130314M001.pdf","233020130314E001.pdf","www.tsmc.com",,"無"
"2330","台積電","101/11/16","09:30","香格里拉遠東國際大飯店","本公司將參加德意志銀行所舉辦之『dbAccess Taiwan Conference 2012』，會中就本公司10/25法說會已公開發佈之財務數字、經營績效等相關資訊做說明。","233020121025M001.pdf","233020121025E001.pdf","www.tsmc.com",,"無。"
"2330","台積電","101/11/07 至 101/11/09","08:30","新加坡文華東方酒店","本公司將參加摩根士丹利證券所舉辦之『11th Asia Pacific Summit』，會中就本公司10/25法說會已公開發佈之財務數字、經營績效等相關資訊做說明。","233020121025M001.pdf","233020121025E001.pdf","www.tsmc.com",,"無。"
"2330","台積電","101/10/25","14:00","台北遠東國際大飯店三樓遠東宴會廳(台北市敦化南路二段201號)","公布2012年第三季財務報告及本公司2012年第四季的業績展望","233020121025M001.pdf","233020121025E001.pdf","www.tsmc.com",,"無。"
"2330","台積電","101/09/10 至 101/09/14","08:00","香港君悅大飯店","本公司將參加里昂證券所舉辦之『19th CLSA Investors&#039; Forum 2012』，會中就本公司7/19法說會已公開發佈之財務數字、經營績效等相關資訊做說明。","233020120719M001.pdf","233020120719E001.pdf","www.tsmc.com",,"無"
"2330","台積電","101/09/06","08:00","台北君悅大飯店","本公司將參加瑞士信貸所舉辦之『Asian Technology Conference 2012』，會中就本公司7/19法說會已公開發佈之財務數字、經營績效等相關資訊做說明。","233020120719M001.pdf","233020120719E001.pdf","www.tsmc.com",,"無。"
"2330","台積電","101/07/19","14:00","台北遠東國際大飯店三樓遠東宴會廳
(台北市敦化南路二段201號)","公佈2012年第二季財務報告及本公司2012
年第三季的業績展望","233020120719M001.pdf","233020120719E001.pdf","www.tsmc.com",,"無。"
"2330","台積電","101/06/26","09:00","台北君悅大飯店","本公司將參加瑞銀證券所舉辦之『UBS Taiwan Conference 2012』，會中就本公司4/26法說會已公開發佈之財務數字、經營績效等相關資訊做說明。","233020120426M001.pdf","233020120426E001.pdf","www.tsmc.com",,"無。"
"2330","台積電","101/05/28 至 101/05/29","10:00","新加坡濱海灣金沙酒店","本公司將參加德意志證券所舉辦之『DB Access Asia Conference 2012』，會中就本公司4/26法說會已公開發佈之財務數字、經營績效等相關資訊做說明。","233020120426M001.pdf","233020120426E001.pdf","www.tsmc.com",,"無"
"2330","台積電","101/05/08","09:00","香格里拉台北遠東國際大飯店","本公司將參加花旗環球證券所舉辦之『Citi Taiwan Investor Conference 2012』，會中就本公司4/26法說會已公開發佈之財務數字、經營績效等相關資訊做說明。","233020120426M001.pdf","233020120426E001.pdf","www.tsmc.com",,"無。"
"2330","台積電","101/04/26","14:00","台北遠東國際大飯店三樓遠東宴會廳(台北市敦化南路二段201號)","","233020120426M001.pdf","233020120426E001.pdf","www.tsmc.com",,""
"2330","台積電","101/01/18","14:00","台北遠東國際大飯店三樓遠東宴會廳(台北市敦化南路二段201號)","","233020120118M001.pdf","233020120118E001.pdf","www.tsmc.com",,""
"2330","台積電","100/10/27","14:00","台北遠東國際大飯店三樓遠東宴會廳(台北市敦化南路二段201號)","","233020111027M001.pdf","233020111027E001.pdf","www.tsmc.com",,""
"2330","台積電","100/07/28","14:00","台北遠東國際大飯店三樓遠東宴會廳(台北市敦化南路二段201號)","","233020110728M001.pdf","233020110728E001.pdf","www.tsmc.com",,""
"2330","台積電","100/04/28","14:00","台北遠東國際大飯店三樓遠東宴會廳(台北市敦化南路二段201號)","","233020110428M001.pdf","233020110428E001.pdf","www.tsmc.com",,""
"2330","台積電","100/01/27","14:00","台北遠東國際大飯店三樓遠東宴會廳(台北市敦化南路二段201號)","","233020110216M001.pdf","233020110216E001.pdf","www.tsmc.com",,""
"2330","台積電","99/10/28","14:00","遠東國際大飯店三樓遠東宴會廳(台北市敦化南路二段201號)","","233020101029M001.pdf","www.tsmc.com",,""
"2330","台積電","99/07/29","14:00","遠東國際大飯店三樓遠東宴會廳(台北市敦化南路二段201號)","","233020100729M001.pdf","www.tsmc.com",,""
"2330","台積電","99/04/27","14:00","遠東國際大飯店三樓遠東宴會廳(台北市敦化南路二段201號)","","233020100427M001.pdf","www.tsmc.com",,""
"2330","台積電","99/03/17","09:00","台北遠東國際大飯店","","233020100316M001.pdf","www.tsmc.com",,"同99/01/28法說會內容"
"2330","台積電","99/01/28","14:00","遠東國際大飯店三樓遠東宴會廳(台北市敦化南路二段201號)","","233020100128M001.pdf","www.tsmc.com",,""
"2330","台積電","98/10/29","14:00","遠東國際大飯店三樓遠東宴會廳(台北市敦化南路二段201號)","","233020091030M002.pdf","http://http://www.tsmc.com",,""
"2330","台積電","98/07/30","14:00","遠東國際大飯店三樓遠東宴會廳(台北市敦化南路二段201號)","","233020090730M001.pdf","http://www.tsmc.com",,""
"2330","台積電","98/04/30","14:00","遠東國際大飯店三樓遠東宴會廳(台北市敦化南路二段201號)","","233020090430M001.pdf","www.tsmc.com",,""
"2330","台積電","98/03/18","09:00","台北遠東國際大飯店","","233020090319M001.pdf","www.tsmc.com",,"同98/01/22法說會內容(民國98年第1季業績展望，請參閱3/10公佈2月份月營收公告)"
"2330","台積電","98/01/22","14:00","遠東國際大飯店三樓遠東宴會廳(台北市敦化南路二段201號)","","233020090122M001.pdf","www.tsmc.com",,""
"2330","台積電","97/10/30","14:00","遠東國際大飯店三樓遠東宴會廳(台北市敦化南路二段201號)","","233020081030M001.pdf","www.tsmc.com",,""
"2330","台積電","97/07/31","14:00","遠東國際大飯店三樓遠東宴會廳(台北市敦化南路二段201號)","","233020080731M001.pdf","www.tsmc.com",,""
"2330","台積電","97/04/29","14:00","遠東國際大飯店三樓遠東宴會廳(台北市敦化南路二段201號)","","233020080429M001.pdf","www.tsmc.com",,""
"2330","台積電","97/01/31","14:00","台北市遠東國際大飯店三樓遠東宴會廳(台北市敦化南路二段201號)","","233020080131M001.pdf","www.tsmc.com",,""
"2330","台積電","96/10/25","14:00","遠東國際大飯店三樓遠東宴會廳(台北市敦化南路二段201號)","","233020071025M001.pdf","www.tsmc.com",,""
"2330","台積電","96/10/25","14:00","遠東國際大飯店三樓遠東宴會廳(台北市敦化南路二段201號)","","233020071029M001.pdf","www.tsmc.com",,""
"2330","台積電","96/07/26","14:00","遠東國際大飯店三樓遠東宴會廳(台北市敦化南路二段201號)","","233020070726M001.pdf","www.tsmc.com",,""
"2330","台積電","96/04/26","14:00","台北遠東國際大飯店三樓遠東宴會廳(台北市敦化南路二段201號)","","233020070426M001.pdf","www.tsmc.com",,""
"2330","台積電","96/01/25","14:00","台北遠東國際大飯店三樓宴會廳(台北市敦化南路二段201號)","","233020070125M001.pdf","www.tsmc.com",,""
"2330","台積電","95/10/26","14:00","台北遠東國際大飯店三樓遠東宴會廳(台北市敦化南路二段201號)","","233020061026M001.pdf","www.tsmc.com",,""
"2330","台積電","95/07/27","14:00","台北市南京東路三段133號(六福皇宮地下三樓永樂殿)","","233020060727M001.pdf","www.tsmc.com",,""
"2330","台積電","95/04/27","14:00","台北市南京東路三段133號(六福皇宮地下三樓永樂宮)","","233020060427M001.pdf","www.tsmc.com",,""
"2330","台積電","95/01/26","14:00","台北市南京東路三段133號(六福皇宮地下三樓永樂殿)","","233020060126M001.pdf","www.tsmc.com",,""
"2330","台積電","94/10/27","14:00","台北市南京東路三段133號(六福皇宮地下三樓永樂宮)","","233020051027M001.pdf","http://www.tsmc.com/chinese/e_investor/e_investor_index.htm",,""
"2330","台積電","94/07/26","14:00","台北市南京東路三段133號(六福皇宮地下三樓永樂殿)","","233020050726M001.pdf","http://www.tsmc.com",,""
"2330","台積電","94/04/26","14:00","台北市南京東路三段133號(六福皇宮地下三樓永樂宮)","","233020050426M001.pdf","www.tsmc.com",,""
"2330","台積電","94/01/27","14:00","台北市南京東路三段133號(六福皇宮地下三樓永樂宮)","","233020050127M001.doc","www.tsmc.com",,""
"2330","台積電","94/01/27","14:00","台北市南京東路三段133號(六福皇宮地下三樓永樂宮)","","233020050127M002.ppt","www.tsmc.com",,""
"2330","台積電","94/01/27","14:00","台北市南京東路三段133號(六福皇宮地下三樓永樂宮)","","233020050127M003.pdf","www.tsmc.com",,""